Transaction Date,Posted Date,Card No.,Description,Category,Debit,Credit
2023-12-01,2023-12-01,4364,CAPITAL ONE MOBILE PYMT,Payment/Credit,,289.98
2023-11-30,2023-12-01,4364,PUBLIX #1803,Merchandise,23.45,
2023-11-30,2023-12-01,4364,PUBLIX #069,Merchandise,6.34,
2023-11-29,2023-11-30,4364,PUBLIX #1803,Merchandise,2.49,
2023-11-28,2023-11-29,4364,CVS/PHARMACY #03401,Health Care,1.04,
2023-11-28,2023-11-29,4364,CVS/PHARMACY #03401,Health Care,1.54,
2023-11-28,2023-11-29,4364,CVS/PHARMACY #03401,Health Care,0.99,
2023-11-29,2023-11-29,4364,UBER   EATS,Dining,18.44,
2023-11-28,2023-11-29,4364,CHICKEN KITCHEN,Dining,12.84,
2023-11-27,2023-11-28,4364,CVS/PHARMACY #03401,Health Care,6.91,
2023-11-27,2023-11-28,4364,CVS/PHARMACY #03401,Health Care,2.80,
2023-11-27,2023-11-28,4364,CVS/PHARMACY #03401,Health Care,2.82,
2023-11-26,2023-11-27,4364,SQ *SHAKE SHACK,Dining,14.16,
2023-11-25,2023-11-27,4364,THE CHINESE RESTAURA,Dining,10.20,
2023-11-25,2023-11-27,4364,CVS/PHARMACY #03401,Health Care,8.75,
2023-11-25,2023-11-27,4364,CVS/PHARMACY #03401,Health Care,2.48,
2023-11-25,2023-11-27,4364,EQT* AETNA CVS HEALTH,Insurance,57.50,
2023-11-25,2023-11-27,4364,BURGER KING #6896  Q07,Dining,4.47,
2023-11-23,2023-11-27,4364,PAYPAL *MICROSOFT,Merchandise,79.99,
2023-11-24,2023-11-25,4364,NAVARRO DISCOUNT PHARM,Health Care,8.97,
2023-11-21,2023-11-25,4364,CCBill.com  *OnlyFans,Other,22.63,
2023-11-21,2023-11-25,4364,CCBill.com  *OnlyFans,Other,14.71,
2023-11-23,2023-11-24,4364,CAPITAL ONE MOBILE PYMT,Payment/Credit,,611.31
2023-11-22,2023-11-24,4364,CVS/PHARMACY #03401,Health Care,2.48,
2023-11-22,2023-11-24,4364,CVS/PHARMACY #03401,Health Care,2.56,
2023-11-22,2023-11-24,4364,CHICKEN KITCHEN,Dining,11.21,
2023-11-20,2023-11-21,4364,CVS/PHARMACY #03401,Health Care,0.43,
2023-11-20,2023-11-21,4364,CVS/PHARMACY #03401,Health Care,3.53,
2023-11-20,2023-11-21,4364,PUBLIX #1803,Merchandise,9.74,
2023-11-20,2023-11-21,4364,PUBLIX #1803,Merchandise,3.60,
2023-11-19,2023-11-20,4364,CVS/PHARMACY #03401,Health Care,1.51,
2023-11-19,2023-11-20,4364,PUBLIX #1803,Merchandise,2.99,
2023-11-18,2023-11-20,4364,BURGER KING #91    Q07,Dining,3.20,
2023-11-18,2023-11-20,4364,BURGER KING #91    Q07,Dining,14.61,
2023-11-18,2023-11-20,4364,CVS/PHARMACY #03401,Health Care,7.34,
2023-11-18,2023-11-20,4364,CVS/PHARMACY #03401,Health Care,2.43,
2023-11-18,2023-11-20,4364,PETSMART # 0356,Merchandise,56.70,
2023-11-17,2023-11-18,4364,CVS/PHARMACY #03401,Health Care,1.04,
2023-11-17,2023-11-18,4364,CVS/PHARMACY #03401,Health Care,1.51,
2023-11-17,2023-11-18,4364,CVS/PHARMACY #03401,Health Care,1.27,
2023-11-17,2023-11-18,4364,PUBLIX #1803,Merchandise,2.99,
2023-11-17,2023-11-18,4364,POLLO TROPICAL 10002,Dining,10.89,
2023-11-16,2023-11-17,4364,WM SUPERCENTER #1680,Merchandise,30.50,
2023-11-16,2023-11-17,4364,TST* NAPOLI1800 CUCINA,Dining,31.68,
2023-11-15,2023-11-16,4364,CVS/PHARMACY #03401,Health Care,3.50,
2023-11-15,2023-11-16,4364,CVS/PHARMACY #03401,Health Care,3.53,
2023-11-15,2023-11-16,4364,MCDONALD'S F38522,Dining,9.69,
2023-11-15,2023-11-16,4364,PP*DISNEY MOBILE,Internet,9.05,
2023-11-14,2023-11-15,4364,SELECT MEDIA,Other,5.00,
2023-11-14,2023-11-15,4364,Spotify USA,Phone/Cable,16.96,
2023-11-13,2023-11-14,4364,CVS/PHARMACY #03401,Health Care,2.48,
2023-11-13,2023-11-14,4364,CVS/PHARMACY #03401,Health Care,1.39,
2023-11-13,2023-11-14,4364,PUBLIX #1803,Merchandise,2.99,
2023-11-13,2023-11-14,4364,SELECT MEDIA,Other,135.79,
2023-11-12,2023-11-13,4364,CVS/PHARMACY #03401,Health Care,3.85,
2023-11-12,2023-11-13,4364,CVS/PHARMACY #03401,Health Care,1.04,
2023-11-12,2023-11-13,4364,CVS/PHARMACY #03401,Health Care,2.00,
2023-11-12,2023-11-13,4364,CVS/PHARMACY #03401,Health Care,3.53,
2023-11-12,2023-11-13,4364,MCDONALD'S F38522,Dining,9.69,
2023-11-12,2023-11-13,4364,UBER* EATS,Dining,31.32,
2023-11-11,2023-11-13,4364,CVS/PHARMACY #03401,Health Care,2.56,
2023-11-11,2023-11-13,4364,CVS/PHARMACY #03401,Health Care,4.48,
2023-11-11,2023-11-13,4364,REGAL KENDALL 16  0996,Entertainment,17.55,
2023-11-11,2023-11-13,4364,REGAL KENDALL 16  0996,Entertainment,27.83,
2023-11-09,2023-11-11,4364,ALDI 77098,Merchandise,12.18,
2023-11-09,2023-11-11,4364,PAYPAL *MY.GAMES,Entertainment,4.50,
2023-11-09,2023-11-10,4364,CHEVRON 0376818,Gas/Automotive,3.95,
2023-11-08,2023-11-09,4364,CVS/PHARMACY #03401,Health Care,4.01,
2023-11-08,2023-11-09,4364,CVS/PHARMACY #03401,Health Care,3.53,
2023-11-08,2023-11-08,4364,INTEREST CHARGE:PURCHASES,Fee/Interest Charge,19.14,
2023-11-08,2023-11-08,4364,TST* WALK-ON'S - KENDA,Dining,44.14,
2023-11-07,2023-11-08,4364,WAWA 5245,Gas/Automotive,1.19,
2023-11-07,2023-11-08,4364,WAL-MART #1680,Merchandise,32.41,
2023-11-08,2023-11-08,4364,CAPITAL ONE MOBILE PYMT,Payment/Credit,,1113.20
2023-11-06,2023-11-07,4364,CVS/PHARMACY #03401,Health Care,2.31,
2023-11-06,2023-11-07,4364,CVS/PHARMACY #03401,Health Care,1.27,
2023-11-06,2023-11-07,4364,PUBLIX #1803,Merchandise,2.49,
2023-11-05,2023-11-06,4364,CVS/PHARMACY #03401,Health Care,3.82,
2023-11-05,2023-11-06,4364,CVS/PHARMACY #03401,Health Care,2.31,
2023-11-05,2023-11-06,4364,CVS/PHARMACY #03401,Health Care,1.54,
2023-11-05,2023-11-06,4364,SQ *SHAKE SHACK,Dining,12.62,
2023-11-04,2023-11-04,4364,UBER   EATS,Dining,14.04,
2023-11-01,2023-11-04,4364,PP*GOOGLE FUNIMATION,Internet,7.99,
2023-11-03,2023-11-03,4364,PAST DUE FEE,Fee/Interest Charge,25.00,
2023-11-02,2023-11-03,4364,CVS/PHARMACY #03401,Health Care,3.70,
2023-11-02,2023-11-03,4364,CVS/PHARMACY #03401,Health Care,3.20,
2023-11-02,2023-11-03,4364,CVS/PHARMACY #03401,Health Care,4.16,
2023-11-02,2023-11-03,4364,MCDONALD'S F38522,Dining,2.45,
2023-11-02,2023-11-03,4364,TST* Napoli1800 Cucina,Dining,30.68,
2023-11-01,2023-11-03,4364,THE CHINESE RESTAURA,Dining,11.75,
2023-11-02,2023-11-03,4364,UBER   EATS,Dining,26.83,
2023-11-01,2023-11-02,4364,MCDONALD'S F38522,Dining,2.13,
2023-11-02,2023-11-02,4364,UBER   EATS,Dining,10.83,
2023-10-31,2023-11-01,4364,CVS/PHARMACY #03401,Health Care,1.96,
2023-10-31,2023-11-01,4364,PUBLIX #1803,Merchandise,4.27,
2023-10-31,2023-11-01,4364,MCDONALD'S F38522,Dining,4.90,
2023-10-31,2023-11-01,4364,UBER   EATS,Dining,33.00,
2023-10-30,2023-10-31,4364,CVS/PHARMACY #03401,Health Care,6.41,
2023-10-30,2023-10-31,4364,CVS/PHARMACY #03401,Health Care,4.91,
2023-10-30,2023-10-31,4364,PUBLIX #1803,Merchandise,1.59,
2023-10-30,2023-10-31,4364,PUBLIX #1803,Merchandise,2.50,
2023-10-28,2023-10-31,4364,PAYPAL *MCDONALDS 3852,Dining,10.23,
2023-10-29,2023-10-30,4364,CVS/PHARMACY #03401,Health Care,8.61,
2023-10-29,2023-10-30,4364,CVS/PHARMACY #03401,Health Care,1.71,
2023-10-29,2023-10-30,4364,CVS/PHARMACY #03401,Health Care,4.91,
2023-10-29,2023-10-30,4364,PUBLIX #1803,Merchandise,2.49,
2023-10-28,2023-10-30,4364,FUDDRUCKERS - KENDALL7,Dining,12.41,
2023-10-27,2023-10-28,4364,CVS/PHARMACY #03401,Health Care,1.54,
2023-10-27,2023-10-28,4364,CVS/PHARMACY #03401,Health Care,3.53,
2023-10-27,2023-10-28,4364,CHICKEN KITCHEN,Dining,11.84,
2023-10-26,2023-10-27,4364,CVS/PHARMACY #03401,Health Care,2.51,
2023-10-26,2023-10-27,4364,CVS/PHARMACY #03401,Health Care,3.53,
2023-10-26,2023-10-27,4364,PUBLIX #1803,Merchandise,1.70,
2023-10-25,2023-10-27,4364,ALDI 77069,Merchandise,19.49,
2023-10-25,2023-10-26,4364,CVS/PHARMACY #03401,Health Care,5.58,
2023-10-25,2023-10-26,4364,CVS/PHARMACY #03401,Health Care,3.53,
2023-10-25,2023-10-26,4364,CVS/PHARMACY #03401,Health Care,1.96,
2023-10-25,2023-10-26,4364,PUBLIX #1803,Merchandise,1.70,
2023-10-25,2023-10-26,4364,EQT* AETNA CVS HEALTH,Insurance,57.50,
2023-10-23,2023-10-24,4364,CVS/PHARMACY #03401,Health Care,3.45,
2023-10-23,2023-10-24,4364,CVS/PHARMACY #03401,Health Care,2.56,
2023-10-23,2023-10-24,4364,CVS/PHARMACY #03401,Health Care,2.39,
2023-10-23,2023-10-24,4364,MCDONALD'S F38522,Dining,2.13,
2023-10-23,2023-10-24,4364,MCDONALD'S F38522,Dining,11.76,
2023-10-23,2023-10-24,4364,THE CHINESE RESTAURA,Dining,6.48,
2023-10-22,2023-10-23,4364,CVS/PHARMACY #03401,Health Care,2.48,
2023-10-22,2023-10-23,4364,CVS/PHARMACY #03401,Health Care,3.53,
2023-10-22,2023-10-23,4364,CVS/PHARMACY #03401,Health Care,1.54,
2023-10-21,2023-10-23,4364,STARBUCKS STORE 10358,Dining,6.05,
2023-10-22,2023-10-23,4364,UBER   EATS,Dining,21.26,
2023-10-20,2023-10-21,4364,WAWA 5245,Gas/Automotive,7.36,
2023-10-19,2023-10-20,4364,FUDDRUCKERS - KENDALL7,Dining,12.41,
2023-10-19,2023-10-20,4364,TOP GUN INDOOR RANGE,Merchandise,25.18,
2023-10-18,2023-10-19,4364,STARBUCKS STORE 10358,Dining,6.05,
2023-10-19,2023-10-19,4364,UBER   EATS,Dining,8.57,
2023-10-15,2023-10-18,4364,PP*GOOGLE DISNEY MOBIL,Internet,9.05,
2023-10-16,2023-10-17,4364,PUBLIX #1803,Merchandise,1.59,
2023-10-16,2023-10-17,4364,PUBLIX #1803,Merchandise,5.34,
2023-10-15,2023-10-16,4364,TRADER JOE S #770,Merchandise,22.80,
2023-10-15,2023-10-16,4364,SQ *SHAKE SHACK,Dining,13.16,
2023-10-14,2023-10-16,4364,Spotify USA,Phone/Cable,16.96,
2023-10-13,2023-10-14,4364,CVS/PHARMACY #03401,Health Care,1.19,
2023-10-13,2023-10-14,4364,CVS/PHARMACY #03401,Health Care,1.49,
2023-10-13,2023-10-14,4364,CVS/PHARMACY #03401,Health Care,1.71,
2023-10-13,2023-10-14,4364,PUBLIX #1803,Merchandise,1.59,
2023-10-13,2023-10-14,4364,PUBLIX #1803,Merchandise,2.99,
2023-10-13,2023-10-14,4364,CHICKEN KITCHEN,Dining,9.76,
2023-10-12,2023-10-13,4364,CVS/PHARMACY #03401,Health Care,1.49,
2023-10-12,2023-10-13,4364,CVS/PHARMACY #03401,Health Care,0.69,
2023-10-12,2023-10-13,4364,CVS/PHARMACY #03401,Health Care,3.53,
2023-10-12,2023-10-13,4364,THE CHINESE RESTAURA,Dining,11.20,
2023-10-11,2023-10-12,4364,PUBLIX #1803,Merchandise,2.99,
2023-10-11,2023-10-12,4364,MCDONALD'S F38522,Dining,7.57,
2023-10-10,2023-10-12,4364,STARBUCKS STORE 10358,Dining,6.83,
2023-10-10,2023-10-11,4364,TST* Napoli1800 Cucina,Dining,30.00,
2023-10-09,2023-10-10,4364,CVS/PHARMACY #03401,Health Care,2.46,
2023-10-09,2023-10-10,4364,CVS/PHARMACY #03401,Health Care,3.53,
2023-10-09,2023-10-10,4364,PUBLIX #1803,Merchandise,4.14,
2023-10-07,2023-10-09,4364,PUBLIX #1803,Merchandise,3.33,
2023-10-07,2023-10-09,4364,CVS/PHARMACY #03401,Health Care,2.46,
2023-10-07,2023-10-09,4364,CVS/PHARMACY #03401,Health Care,3.53,
2023-10-06,2023-10-09,4364,MCDONALD'S F38522,Dining,6.40,
2023-10-05,2023-10-06,4364,CVS/PHARMACY #03401,Health Care,1.89,
2023-10-05,2023-10-06,4364,CVS/PHARMACY #03401,Health Care,3.53,
2023-10-05,2023-10-06,4364,MCDONALD'S F38522,Dining,2.66,
2023-10-04,2023-10-06,4364,ALDI 77069,Merchandise,11.25,
2023-10-04,2023-10-05,4364,FUDDRUCKERS - KENDALL7,Dining,12.41,
2023-10-05,2023-10-05,4364,UBER   EATS,Dining,34.89,
2023-10-03,2023-10-04,4364,CVS/PHARMACY #03401,Health Care,3.53,
2023-10-03,2023-10-04,4364,CVS/PHARMACY #03401,Health Care,1.49,
2023-10-03,2023-10-04,4364,PUBLIX #1803,Merchandise,11.68,
2023-10-03,2023-10-04,4364,PUBLIX #1803,Merchandise,2.00,
2023-10-02,2023-10-03,4364,CVS/PHARMACY #03401,Health Care,1.96,
2023-10-02,2023-10-03,4364,PUBLIX #1803,Merchandise,2.00,
2023-10-02,2023-10-03,4364,MCDONALD'S F38522,Dining,9.41,
2023-10-01,2023-10-03,4364,PP*GOOGLE FUNIMATION,Internet,7.99,
2023-10-01,2023-10-02,4364,SQ *SHAKE SHACK,Dining,17.36,
2023-09-30,2023-10-02,4364,PUBLIX #1803,Merchandise,2.50,
2023-09-30,2023-10-02,4364,THE CHINESE RESTAURA,Dining,6.48,
2023-09-30,2023-10-02,4364,CVS/PHARMACY #03401,Health Care,1.49,
2023-09-30,2023-10-02,4364,CVS/PHARMACY #03401,Health Care,16.57,
2023-09-28,2023-09-30,4364,WENDY'S #1708,Dining,6.42,
2023-09-28,2023-09-29,4364,CVS/PHARMACY #03401,Health Care,5.34,
2023-09-28,2023-09-29,4364,PUBLIX #1803,Merchandise,2.50,
2023-09-28,2023-09-29,4364,MCDONALD'S F38522,Dining,3.52,
2023-09-27,2023-09-28,4364,CVS/PHARMACY #03401,Health Care,11.99,
2023-09-27,2023-09-28,4364,CVS/PHARMACY #03401,Health Care,0.64,
2023-09-27,2023-09-28,4364,CVS/PHARMACY #03401,Health Care,1.51,
2023-09-27,2023-09-28,4364,PUBLIX #1803,Merchandise,2.50,
2023-09-27,2023-09-28,4364,MCDONALD'S F38522,Dining,2.45,
2023-09-26,2023-09-27,4364,PONCE DE LEON DIAGNOST,Health Care,28.75,
2023-09-25,2023-09-26,4364,CVS/PHARMACY #03401,Health Care,1.04,
2023-09-25,2023-09-26,4364,CVS/PHARMACY #03401,Health Care,2.46,
2023-09-25,2023-09-26,4364,PUBLIX #1803,Merchandise,5.34,
2023-09-25,2023-09-26,4364,PUBLIX #1803,Merchandise,2.50,
2023-09-25,2023-09-26,4364,EQT* AETNA CVS HEALTH,Insurance,62.50,
2023-09-24,2023-09-25,4364,CVS/PHARMACY #03401,Health Care,0.64,
2023-09-24,2023-09-25,4364,CVS/PHARMACY #03401,Health Care,0.79,
2023-09-24,2023-09-25,4364,PUBLIX #1803,Merchandise,1.59,
2023-09-24,2023-09-25,4364,PUBLIX #1803,Merchandise,2.50,
2023-09-24,2023-09-25,4364,UBER   EATS,Dining,31.79,
2023-09-24,2023-09-25,4364,UBER   EATS,Dining,6.94,
2023-09-23,2023-09-25,4364,WAWA 5245,Gas/Automotive,32.53,
2023-09-23,2023-09-25,4364,WAWA 5245,Gas/Automotive,5.86,
2023-09-22,2023-09-23,4364,SQ *SHAKE SHACK,Dining,9.38,
2023-09-21,2023-09-22,4364,CVS/PHARMACY #03401,Health Care,1.04,
2023-09-21,2023-09-22,4364,PUBLIX #1803,Merchandise,2.50,
2023-09-21,2023-09-22,4364,MCDONALD'S F38522,Dining,7.26,
2023-09-21,2023-09-21,4364,CAPITAL ONE MOBILE PYMT,Payment/Credit,,310.70
2023-09-20,2023-09-21,4364,CVS/PHARMACY #03401,Health Care,1.96,
2023-09-20,2023-09-21,4364,PUBLIX #1803,Merchandise,1.59,
2023-09-20,2023-09-21,4364,PUBLIX #1803,Merchandise,2.50,
2023-09-20,2023-09-21,4364,UBER   EATS,Dining,35.44,
2023-09-18,2023-09-20,4364,WENDY'S #1708,Dining,5.35,
2023-09-18,2023-09-19,4364,CVS/PHARMACY #03401,Health Care,1.96,
2023-09-18,2023-09-19,4364,CVS/PHARMACY #03401,Health Care,1.04,
2023-09-18,2023-09-19,4364,CVS/PHARMACY #03401,Health Care,3.99,
2023-09-18,2023-09-19,4364,MCDONALD'S F38522,Dining,2.99,
2023-09-17,2023-09-18,4364,PUBLIX #1803,Merchandise,6.93,
2023-09-17,2023-09-18,4364,POLLO TROPICAL 10002,Dining,10.36,
2023-09-17,2023-09-18,4364,UBER   TRIP,Other Travel,6.60,
2023-09-16,2023-09-18,4364,CVS/PHARMACY #03401,Health Care,5.49,
2023-09-16,2023-09-18,4364,CVS/PHARMACY #03401,Health Care,2.82,
2023-09-16,2023-09-18,4364,MCDONALD'S F38522,Dining,3.63,
2023-09-15,2023-09-16,4364,CVS/PHARMACY #03401,Health Care,1.04,
2023-09-15,2023-09-16,4364,CVS/PHARMACY #03401,Health Care,5.29,
2023-09-15,2023-09-16,4364,PUBLIX #1803,Merchandise,1.59,
2023-09-15,2023-09-16,4364,MCDONALD'S F38522,Dining,3.20,
2023-09-15,2023-09-16,4364,SUNPASS*ACC111652339,Gas/Automotive,10.00,
2023-09-14,2023-09-15,4364,Spotify USA,Phone/Cable,16.96,
2023-09-13,2023-09-14,4364,CVS/PHARMACY #03401,Health Care,1.83,
2023-09-13,2023-09-14,4364,CVS/PHARMACY #03401,Health Care,2.82,
2023-09-14,2023-09-14,4364,UBER   EATS,Dining,23.52,
2023-09-13,2023-09-14,4364,CHICKEN KITCHEN,Dining,12.84,
2023-09-12,2023-09-13,4364,CVS/PHARMACY #03401,Health Care,5.76,
2023-09-12,2023-09-13,4364,CVS/PHARMACY #03401,Health Care,2.82,
2023-09-10,2023-09-11,4364,CVS/PHARMACY #03401,Health Care,1.59,
2023-09-10,2023-09-11,4364,CVS/PHARMACY #03401,Health Care,2.23,
2023-09-10,2023-09-11,4364,MCDONALD'S F38522,Dining,9.08,
2023-09-09,2023-09-11,4364,BURGER KING #91    Q07,Dining,4.27,
2023-09-09,2023-09-11,4364,CVS/PHARMACY #03401,Health Care,6.20,
2023-09-09,2023-09-11,4364,CVS/PHARMACY #03401,Health Care,3.35,
2023-09-08,2023-09-09,4364,CVS/PHARMACY #03401,Health Care,1.04,
2023-09-08,2023-09-09,4364,CHICKEN KITCHEN,Dining,14.73,
2023-09-06,2023-09-08,4364,THE CHINESE RESTAURA,Dining,27.03,
2023-09-05,2023-09-06,4364,CVS/PHARMACY #03401,Health Care,7.75,
2023-09-05,2023-09-06,4364,CVS/PHARMACY #03401,Health Care,1.20,
2023-09-05,2023-09-06,4364,CHICKEN KITCHEN,Dining,15.37,
2023-09-04,2023-09-05,4364,PUBLIX #1803,Merchandise,1.59,
2023-09-03,2023-09-04,4364,MCDONALD'S F38522,Dining,2.88,
2023-09-03,2023-09-04,4364,MCDONALD'S F38522,Dining,10.37,
2023-09-02,2023-09-04,4364,PUBLIX #1803,Merchandise,6.93,
2023-09-02,2023-09-04,4364,MCDONALD'S F38522,Dining,3.20,
2023-09-01,2023-09-04,4364,PP*GOOGLE FUNIMATION,Internet,7.99,
2023-09-02,2023-09-02,4364,CAPITAL ONE MOBILE PYMT,Payment/Credit,,685.85
2023-09-01,2023-09-02,4364,CHICKEN KITCHEN,Dining,12.21,
2023-09-01,2023-09-02,4364,UBER   EATS,Dining,32.86,
2023-08-31,2023-09-01,4364,MCDONALD'S F38522,Dining,11.01,
2023-08-30,2023-08-31,4364,POLLO TROPICAL 10002,Dining,10.36,
2023-08-30,2023-08-31,4364,TOP GUN INDOOR RANGE,Merchandise,25.71,
2023-08-29,2023-08-30,4364,PUBLIX #1803,Merchandise,6.93,
2023-08-29,2023-08-30,4364,MCDONALD'S F38522,Dining,2.88,
2023-08-28,2023-08-29,4364,"BASS PRO STORE MIAMI,",Merchandise,,23.50
2023-08-28,2023-08-29,4364,IKEA MIAMI RESTAURANT,Dining,5.82,
2023-08-28,2023-08-29,4364,IKEA MIAMI,Merchandise,6.43,
2023-08-27,2023-08-28,4364,SQ *SHAKE SHACK,Dining,13.58,
2023-08-25,2023-08-26,4364,CVS/PHARMACY #03401,Health Care,3.58,
2023-08-25,2023-08-26,4364,MCDONALD'S F38522,Dining,2.45,
2023-08-25,2023-08-26,4364,EQT* AETNA CVS HEALTH,Insurance,62.50,
2023-08-24,2023-08-25,4364,MCDONALD'S F38522,Dining,9.94,
2023-08-23,2023-08-24,4364,"BASS PRO STORE MIAMI,",Merchandise,55.58,
2023-08-23,2023-08-24,4364,IKEA MIAMI RESTAURANT,Dining,7.73,
2023-08-20,2023-08-22,4364,POLLO TROPICAL 10002,Dining,7.27,
2023-08-20,2023-08-21,4364,PUBLIX #1803,Merchandise,3.75,
2023-08-20,2023-08-21,4364,MCDONALD'S F38522,Dining,2.66,
2023-08-20,2023-08-21,4364,MCDONALD'S F38522,Dining,4.59,
2023-08-19,2023-08-21,4364,PUBLIX #1803,Merchandise,14.27,
2023-08-18,2023-08-19,4364,CVS/PHARMACY #03401,Health Care,4.87,
2023-08-17,2023-08-18,4364,CVS/PHARMACY #03401,Health Care,15.02,
2023-08-17,2023-08-18,4364,CVS/PHARMACY #03401,Health Care,2.31,
2023-08-16,2023-08-17,4364,CVS/PHARMACY #03401,Health Care,4.29,
2023-08-15,2023-08-16,4364,CVS/PHARMACY #03401,Health Care,8.23,
2023-08-15,2023-08-16,4364,MCDONALD'S F38522,Dining,10.48,
2023-08-15,2023-08-16,4364,CHICKEN KITCHEN,Dining,2.66,
2023-08-15,2023-08-16,4364,CHICKEN KITCHEN,Dining,7.48,
2023-08-14,2023-08-15,4364,NAVARRO DISCOUNT PHARM,Health Care,20.31,
2023-08-14,2023-08-15,4364,Spotify USA,Phone/Cable,14.70,
2023-08-13,2023-08-14,4364,PUBLIX #1803,Merchandise,5.68,
2023-08-13,2023-08-14,4364,SUNPASS*ACC111652339,Gas/Automotive,10.00,
2023-08-12,2023-08-14,4364,EMPIRESTORE.NET,Other,4.39,
2023-08-12,2023-08-14,4364,SQ *SHAKE SHACK,Dining,13.62,
2023-08-10,2023-08-12,4364,ALDI 77069,Merchandise,12.42,
2023-08-10,2023-08-11,4364,CVS/PHARMACY #03401,Health Care,3.56,
2023-08-09,2023-08-11,4364,PAYPAL *RAEIND RAEIND,Merchandise,13.36,
2023-08-09,2023-08-10,4364,MCDONALD'S F38522,Dining,6.40,
2023-08-07,2023-08-08,4364,CHICKEN KITCHEN,Dining,8.55,
2023-08-06,2023-08-07,4364,CVS/PHARMACY #03401,Health Care,3.90,
2023-08-06,2023-08-07,4364,FUDDRUCKERS - KENDALL7,Dining,12.95,
2023-08-05,2023-08-07,4364,PUBLIX #1803,Merchandise,19.24,
2023-08-05,2023-08-07,4364,REGAL KENDALL 16  0996,Entertainment,17.09,
2023-08-05,2023-08-07,4364,REGAL KENDALL 16  0996,Entertainment,28.00,
2023-08-05,2023-08-07,4364,SELECT MEDIA LLC,Other,11.32,
2023-08-05,2023-08-07,4364,SELECT MEDIA LLC,Other,11.30,
2023-08-04,2023-08-05,4364,MCDONALD'S F38522,Dining,9.94,
2023-08-04,2023-08-05,4364,PROBILLER.COM,Other,20.00,
2023-08-03,2023-08-04,4364,CVS/PHARMACY #03401,Health Care,4.22,
2023-08-03,2023-08-04,4364,CVS/PHARMACY #03401,Health Care,1.27,
2023-08-03,2023-08-04,4364,PUBLIX #1803,Merchandise,3.60,
2023-08-03,2023-08-04,4364,MCDONALD'S F38522,Dining,2.66,
2023-08-02,2023-08-03,4364,CHICKEN KITCHEN,Dining,11.21,
2023-08-01,2023-08-03,4364,PP*GOOGLE FUNIMATION,Internet,7.99,
2023-08-01,2023-08-02,4364,CVS/PHARMACY #03401,Health Care,5.66,
2023-08-01,2023-08-02,4364,CVS/PHARMACY #03401,Health Care,2.88,
2023-08-01,2023-08-02,4364,PUBLIX #1803,Merchandise,9.29,
2023-07-31,2023-08-01,4364,REGAL KENDALL 16  0996,Entertainment,17.09,
2023-07-31,2023-08-01,4364,REGAL KENDALL 16  0996,Entertainment,28.00,
2023-07-31,2023-08-01,4364,TOP GUN INDOOR RANGE,Merchandise,25.71,
2023-07-30,2023-07-31,4364,CAPITAL ONE MOBILE PYMT,Payment/Credit,,631.59
2023-07-29,2023-07-31,4364,PUBLIX #1803,Merchandise,1.92,
2023-07-29,2023-07-31,4364,PUBLIX #1803,Merchandise,5.34,
2023-07-29,2023-07-31,4364,CVS/PHARMACY #03401,Health Care,2.56,
2023-07-29,2023-07-31,4364,CVS/PHARMACY #03401,Health Care,0.67,
2023-07-28,2023-07-31,4364,POLLO TROPICAL 10002,Dining,8.01,
2023-07-28,2023-07-29,4364,CVS/PHARMACY #03401,Health Care,5.39,
2023-07-28,2023-07-29,4364,UBER   TRIP,Other Travel,6.77,
2023-07-27,2023-07-28,4364,CVS/PHARMACY #03401,Health Care,2.56,
2023-07-27,2023-07-28,4364,MCDONALD'S F38522,Dining,5.76,
2023-07-26,2023-07-27,4364,SQ *SHAKE SHACK,Dining,8.84,
2023-07-25,2023-07-26,4364,CVS/PHARMACY #03401,Health Care,3.91,
2023-07-25,2023-07-26,4364,PUBLIX #1803,Merchandise,6.93,
2023-07-25,2023-07-26,4364,TST* Napoli1800 Cucina,Dining,49.87,
2023-07-25,2023-07-26,4364,EQT* AETNA CVS HEALTH,Insurance,62.50,
2023-07-24,2023-07-25,4364,TOP GUN INDOOR RANGE,Merchandise,25.18,
2023-07-23,2023-07-24,4364,CHICKEN KITCHEN,Dining,11.21,
2023-07-22,2023-07-24,4364,CVS/PHARMACY #03401,Health Care,3.19,
2023-07-22,2023-07-24,4364,CVS/PHARMACY #03401,Health Care,3.20,
2023-07-22,2023-07-24,4364,CHICKEN KITCHEN,Dining,8.55,
2023-07-21,2023-07-22,4364,CVS/PHARMACY #03401,Health Care,2.54,
2023-07-21,2023-07-22,4364,CVS/PHARMACY #03401,Health Care,3.18,
2023-07-21,2023-07-22,4364,SUNPASS*ACC111652339,Gas/Automotive,10.00,
2023-07-20,2023-07-22,4364,WENDY'S #8155,Dining,5.35,
2023-07-20,2023-07-21,4364,CVS/PHARMACY #03401,Health Care,4.02,
2023-07-20,2023-07-21,4364,PUBLIX #1803,Merchandise,4.39,
2023-07-19,2023-07-20,4364,CVS/PHARMACY #03401,Health Care,1.04,
2023-07-19,2023-07-20,4364,PUBLIX #1803,Merchandise,7.79,
2023-07-17,2023-07-18,4364,PUBLIX #1803,Merchandise,13.26,
2023-07-17,2023-07-18,4364,SQ *SHAKE SHACK,Dining,17.09,
2023-07-16,2023-07-17,4364,CVS/PHARMACY #03401,Health Care,2.81,
2023-07-16,2023-07-17,4364,PUBLIX #1803,Merchandise,4.09,
2023-07-16,2023-07-17,4364,PUBLIX #1803,Merchandise,4.28,
2023-07-16,2023-07-17,4364,MCDONALD'S F38522,Dining,5.12,
2023-07-15,2023-07-17,4364,CVS/PHARMACY #03401,Health Care,3.35,
2023-07-15,2023-07-17,4364,MCDONALD'S F38522,Dining,9.72,
2023-07-15,2023-07-17,4364,WAWA 5245,Gas/Automotive,33.36,
2023-07-15,2023-07-17,4364,WAWA 5245,Gas/Automotive,4.59,
2023-07-14,2023-07-15,4364,MCDONALD'S F38522,Dining,9.94,
2023-07-14,2023-07-15,4364,Spotify USA,Phone/Cable,14.70,
2023-07-13,2023-07-14,4364,CVS/PHARMACY #03401,Health Care,3.60,
2023-07-13,2023-07-14,4364,CVS/PHARMACY #03401,Health Care,1.99,
2023-07-13,2023-07-14,4364,UBER   TRIP,Other Travel,5.20,
2023-07-12,2023-07-13,4364,CVS/PHARMACY #03401,Health Care,3.20,
2023-07-11,2023-07-12,4364,WAWA 5245,Gas/Automotive,4.59,
2023-07-10,2023-07-11,4364,UBER   TRIP,Other Travel,6.73,
2023-07-09,2023-07-10,4364,CVS/PHARMACY #03401,Health Care,2.06,
2023-07-09,2023-07-10,4364,MCDONALD'S F38522,Dining,5.65,
2023-07-07,2023-07-08,4364,CVS/PHARMACY #03401,Health Care,1.04,
2023-07-07,2023-07-08,4364,PUBLIX #1803,Merchandise,1.59,
2023-07-06,2023-07-07,4364,STARBUCKS STORE 10358,Dining,5.30,
2023-07-05,2023-07-06,4364,CVS/PHARMACY #03401,Health Care,22.50,
2023-07-05,2023-07-06,4364,BOC,Health Care,45.00,
2023-07-05,2023-07-06,4364,WAWA 5245,Gas/Automotive,4.59,
2023-07-05,2023-07-06,4364,GAP OUTLET US 4266,Merchandise,32.04,
2023-07-05,2023-07-06,4364,WAL-MART #1680,Merchandise,14.02,
2023-07-04,2023-07-05,4364,UBER   TRIP,Other Travel,1.00,
2023-07-04,2023-07-05,4364,UBER   TRIP,Other Travel,5.97,
2023-07-03,2023-07-04,4364,PUBLIX #1803,Merchandise,3.59,
2023-07-03,2023-07-04,4364,UBER   EATS,Dining,12.40,
2023-07-03,2023-07-04,4364,UBER   TRIP,Other Travel,1.00,
2023-07-02,2023-07-03,4364,SUNPASS*ACC111652339,Gas/Automotive,10.00,
2023-07-01,2023-07-03,4364,PUBLIX #1803,Merchandise,2.78,
2023-07-01,2023-07-03,4364,PUBLIX #1803,Merchandise,4.80,
2023-07-01,2023-07-03,4364,PP*GOOGLE FUNIMATION,Internet,7.99,
2023-07-01,2023-07-03,4364,CVS/PHARMACY #03401,Health Care,1.08,
2023-06-30,2023-07-01,4364,CVS/PHARMACY #03401,Health Care,3.20,
2023-06-30,2023-07-01,4364,MCDONALD'S F38522,Dining,4.38,
2023-06-30,2023-07-01,4364,CHICKEN KITCHEN,Dining,9.55,
2023-06-29,2023-07-01,4364,WENDY'S #8155,Dining,5.35,
2023-06-29,2023-06-30,4364,CVS/PHARMACY #03401,Health Care,4.26,
2023-06-29,2023-06-30,4364,PUBLIX #1803,Merchandise,13.33,
2023-06-29,2023-06-29,4364,CAPITAL ONE MOBILE PYMT,Payment/Credit,,573.81
2023-06-28,2023-06-29,4364,CVS/PHARMACY #03401,Health Care,6.45,
2023-06-28,2023-06-29,4364,CVS/PHARMACY #03401,Health Care,3.20,
2023-06-27,2023-06-29,4364,ALDI 77069,Merchandise,19.84,
2023-06-27,2023-06-28,4364,UBER   EATS,Dining,10.49,
2023-06-26,2023-06-27,4364,UBER   TRIP,Other Travel,6.44,
2023-06-25,2023-06-26,4364,PUBLIX #1803,Merchandise,1.59,
2023-06-25,2023-06-26,4364,PUBLIX #1803,Merchandise,7.59,
2023-06-25,2023-06-26,4364,PUBLIX #1803,Merchandise,1.59,
2023-06-25,2023-06-26,4364,EQT* AETNA CVS HEALTH,Insurance,62.50,
2023-06-24,2023-06-26,4364,PUBLIX #1803,Merchandise,1.59,
2023-06-24,2023-06-26,4364,PUBLIX #1803,Merchandise,5.34,
2023-06-24,2023-06-26,4364,CVS/PHARMACY #03401,Health Care,5.12,
2023-06-24,2023-06-26,4364,SUNPASS*ACC111652339,Gas/Automotive,10.00,
2023-06-23,2023-06-24,4364,CVS/PHARMACY #03401,Health Care,2.98,
2023-06-23,2023-06-24,4364,PUBLIX #1803,Merchandise,1.59,
2023-06-23,2023-06-24,4364,CHICKEN KITCHEN,Dining,9.55,
2023-06-23,2023-06-24,4364,UBER   EATS,Dining,19.93,
2023-06-22,2023-06-23,4364,PUBLIX #1803,Merchandise,1.70,
2023-06-22,2023-06-23,4364,PUBLIX #1803,Merchandise,9.08,
2023-06-21,2023-06-23,4364,SHAKE SHACK - 1199,Dining,21.44,
2023-06-21,2023-06-22,4364,TOP GUN INDOOR RANGE,Merchandise,25.18,
2023-06-20,2023-06-21,4364,CVS/PHARMACY #03401,Health Care,1.27,
2023-06-20,2023-06-21,4364,MCDONALD'S F38522,Dining,2.45,
2023-06-18,2023-06-19,4364,PUBLIX #1803,Merchandise,1.42,
2023-06-18,2023-06-19,4364,MCDONALD'S F38522,Dining,2.45,
2023-06-18,2023-06-19,4364,CHICKEN KITCHEN,Dining,13.01,
2023-06-17,2023-06-19,4364,WENDY'S #8155,Dining,5.35,
2023-06-16,2023-06-17,4364,SELECT MEDIA LLC,Other,11.32,
2023-06-15,2023-06-16,4364,CVS/PHARMACY #03401,Health Care,4.57,
2023-06-15,2023-06-16,4364,PUBLIX #1803,Merchandise,12.83,
2023-06-14,2023-06-16,4364,THE CHINESE RESTAURA,Dining,10.75,
2023-06-14,2023-06-15,4364,Spotify USA,Phone/Cable,14.70,
2023-06-13,2023-06-14,4364,MCDONALD'S F38522,Dining,9.08,
2023-06-13,2023-06-14,4364,MCDONALD'S F38522,Dining,2.88,
2023-06-12,2023-06-13,4364,NAVARRO DISCOUNT PHARM,Health Care,9.53,
2023-06-12,2023-06-13,4364,CVS/PHARMACY #03401,Health Care,1.83,
2023-06-12,2023-06-13,4364,CVS/PHARMACY #03401,Health Care,3.10,
2023-06-12,2023-06-13,4364,THE CHINESE RESTAURA,Dining,14.07,
2023-06-11,2023-06-13,4364,WENDY'S #1708,Dining,6.42,
2023-06-10,2023-06-12,4364,POLLO TROPICAL 10002,Dining,5.45,
2023-06-10,2023-06-12,4364,CVS/PHARMACY #03401,Health Care,3.10,
2023-06-09,2023-06-10,4364,CVS/PHARMACY #03401,Health Care,8.11,
2023-06-09,2023-06-10,4364,MCDONALD'S F38522,Dining,3.20,
2023-06-08,2023-06-09,4364,MCDONALD'S F38522,Dining,3.20,
2023-06-09,2023-06-09,4364,UBER   EATS,Dining,40.19,
2023-06-08,2023-06-09,4364,CHICKEN KITCHEN,Dining,11.21,
2023-06-07,2023-06-09,4364,ALDI 77069,Merchandise,24.15,
2023-06-07,2023-06-09,4364,THE CHINESE RESTAURA,Dining,14.88,
2023-06-07,2023-06-08,4364,MCDONALD'S F38522,Dining,2.45,
2023-06-06,2023-06-07,4364,MCDONALD'S F38522,Dining,10.24,
2023-06-05,2023-06-06,4364,REGAL KENDALL 16  0996,Entertainment,16.56,
2023-06-05,2023-06-06,4364,REGAL KENDALL 16  0996,Entertainment,15.25,
2023-06-04,2023-06-06,4364,POLLO TROPICAL 10002,Dining,12.82,
2023-06-05,2023-06-05,4364,CAPITAL ONE MOBILE PYMT,Payment/Credit,,494.53
2023-06-04,2023-06-05,4364,REGAL KENDALL 16  0996,Entertainment,28.00,
2023-06-04,2023-06-05,4364,REGAL KENDALL 16  0996,Entertainment,18.16,
2023-06-03,2023-06-05,4364,CVS/PHARMACY #03401,Health Care,2.48,
2023-06-03,2023-06-05,4364,MCDONALD'S F38522,Dining,9.08,
2023-06-02,2023-06-05,4364,SHAKE SHACK 1111,Dining,14.55,
2023-06-01,2023-06-03,4364,THE CHINESE RESTAURA,Dining,9.64,
2023-06-01,2023-06-03,4364,PP*GOOGLE FUNIMATION,Internet,7.99,
2023-06-01,2023-06-02,4364,MCDONALD'S F38522,Dining,2.88,
2023-05-31,2023-06-01,4364,CVS/PHARMACY #03401,Health Care,2.48,
2023-05-31,2023-06-01,4364,CHICKEN KITCHEN,Dining,11.21,
2023-05-29,2023-05-31,4364,WENDY'S #8155,Dining,5.35,
2023-05-29,2023-05-30,4364,CVS/PHARMACY #03401,Health Care,4.24,
2023-05-29,2023-05-30,4364,MCDONALD'S F38522,Dining,2.88,
2023-05-28,2023-05-29,4364,MCDONALD'S F38522,Dining,5.54,
2023-05-27,2023-05-29,4364,CVS/PHARMACY #03401,Health Care,2.78,
2023-05-27,2023-05-29,4364,MCDONALD'S F38522,Dining,13.02,
2023-05-26,2023-05-29,4364,THE CHINESE RESTAURA,Dining,7.48,
2023-05-26,2023-05-27,4364,MCDONALD'S F38522,Dining,4.38,
2023-05-25,2023-05-26,4364,TOTAL WINE AND MORE,Merchandise,6.41,
2023-05-25,2023-05-26,4364,FUDDRUCKERS - KENDALL7,Dining,10.24,
2023-05-25,2023-05-26,4364,EQT* AETNA CVS HEALTH,Insurance,62.50,
2023-05-25,2023-05-26,4364,TOP GUN INDOOR RANGE,Merchandise,25.71,
2023-05-24,2023-05-26,4364,SHAKE SHACK - 1199,Dining,10.46,
2023-05-24,2023-05-25,4364,CVS/PHARMACY #03401,Health Care,3.98,
2023-05-24,2023-05-25,4364,CHICKEN KITCHEN,Dining,12.21,
2023-05-24,2023-05-25,4364,UBER   TRIP,Other Travel,20.92,
2023-05-23,2023-05-24,4364,MCDONALD'S F38522,Dining,2.45,
2023-05-24,2023-05-24,4364,UBER   EATS,Dining,,8.46
2023-05-23,2023-05-24,4364,CHICKEN KITCHEN,Dining,4.22,
2023-05-22,2023-05-24,4364,ALDI 77098,Merchandise,12.94,
2023-05-23,2023-05-24,4364,UBER   EATS,Dining,39.88,
2023-05-22,2023-05-23,4364,NAVARRO DISCOUNT PHARM,Health Care,8.52,
2023-05-22,2023-05-23,4364,DOLLAR TREE,Merchandise,5.18,
2023-05-21,2023-05-23,4364,THE CHINESE RESTAURA,Dining,6.50,
2023-05-21,2023-05-22,4364,CVS/PHARMACY #03401,Health Care,1.06,
2023-05-21,2023-05-22,4364,MCDONALD'S F38522,Dining,2.45,
2023-05-20,2023-05-22,4364,CVS/PHARMACY #03401,Health Care,3.09,
2023-05-20,2023-05-22,4364,CVS/PHARMACY #03401,Health Care,3.20,
2023-05-20,2023-05-22,4364,CVS/PHARMACY #03401,Health Care,5.49,
2023-05-20,2023-05-22,4364,CHICKEN KITCHEN,Dining,10.29,
2023-05-20,2023-05-22,4364,MCDONALD'S F38522,Dining,7.78,
2023-05-19,2023-05-20,4364,MCDONALD'S F38522,Dining,2.45,
2023-05-18,2023-05-20,4364,SHAKE SHACK - 1199,Dining,13.16,
2023-05-18,2023-05-19,4364,NAVARRO DISCOUNT PHARM,Health Care,15.37,
2023-05-17,2023-05-18,4364,CVS/PHARMACY #03401,Health Care,1.06,
2023-05-16,2023-05-17,4364,CVS/PHARMACY #03401,Health Care,1.06,
2023-05-17,2023-05-17,4364,UBER   EATS,Dining,,11.67
2023-05-16,2023-05-17,4364,UBER   EATS,Dining,20.53,
2023-05-14,2023-05-15,4364,CVS/PHARMACY #03401,Health Care,29.94,
2023-05-14,2023-05-15,4364,Spotify USA,Phone/Cable,14.70,
2023-05-13,2023-05-15,4364,SHAKE SHACK - 1199,Dining,6.47,
2023-05-13,2023-05-15,4364,CVS/PHARMACY #03401,Health Care,2.78,
2023-05-13,2023-05-15,4364,CHICKEN KITCHEN,Dining,12.21,
2023-05-12,2023-05-15,4364,THE CHINESE RESTAURA,Dining,14.34,
2023-05-12,2023-05-13,4364,CVS/PHARMACY #03401,Health Care,2.78,
2023-05-12,2023-05-13,4364,CVS/PHARMACY #03401,Health Care,1.06,
2023-05-11,2023-05-12,4364,CHICKEN KITCHEN,Dining,11.21,
2023-05-11,2023-05-11,4364,CAPITAL ONE MOBILE PYMT,Payment/Credit,,408.61
2023-05-10,2023-05-11,4364,CVS/PHARMACY #03401,Health Care,10.25,
2023-05-10,2023-05-11,4364,MCDONALD'S F38522,Dining,9.94,
2023-05-09,2023-05-10,4364,CVS/PHARMACY #03401,Health Care,1.06,
2023-05-09,2023-05-10,4364,MCDONALD'S F38522,Dining,2.77,
2023-05-10,2023-05-10,4364,UBER   EATS,Dining,26.74,
2023-05-07,2023-05-08,4364,NAVARRO DISCOUNT PHARM,Health Care,17.01,
2023-05-06,2023-05-08,4364,BURGER KING #6896  Q07,Dining,10.36,
2023-05-06,2023-05-08,4364,CCBill.com  *OnlyFans,Other,5.66,
2023-05-06,2023-05-08,4364,REGAL KENDALL 16  0996,Entertainment,17.09,
2023-05-05,2023-05-06,4364,MCDONALD'S F38522,Dining,8.65,
2023-05-05,2023-05-06,4364,MCDONALD'S F38522,Dining,2.45,
2023-05-04,2023-05-06,4364,ALDI 77069,Merchandise,24.53,
2023-05-04,2023-05-06,4364,MARATHON PETRO171017,Gas/Automotive,9.62,
2023-05-04,2023-05-06,4364,SHAKE SHACK - 1199,Dining,15.42,
2023-05-04,2023-05-05,4364,AUTOZONE #1099,Gas/Automotive,7.80,
2023-05-03,2023-05-04,4364,CVS/PHARMACY #03401,Health Care,2.92,
2023-05-02,2023-05-03,4364,CVS/PHARMACY #03401,Health Care,2.10,
2023-05-02,2023-05-03,4364,MCDONALD'S F38522,Dining,2.13,
2023-05-02,2023-05-03,4364,CHICKEN KITCHEN,Dining,8.55,
2023-05-01,2023-05-03,4364,PP*GOOGLE FUNIMATION,Internet,7.99,
2023-05-01,2023-05-02,4364,PUBLIX #069,Merchandise,16.77,
2023-05-01,2023-05-02,4364,5GUYS 0346 QSR,Dining,14.12,
2023-05-01,2023-05-02,4364,DOLLAR TREE,Merchandise,1.34,
2023-04-30,2023-05-01,4364,CVS/PHARMACY #03401,Health Care,3.19,
2023-04-30,2023-05-01,4364,MCDONALD'S F38522,Dining,2.45,
2023-04-30,2023-05-01,4364,MCDONALD'S F38522,Dining,2.13,
2023-04-29,2023-05-01,4364,CVS/PHARMACY #03401,Health Care,4.47,
2023-04-29,2023-05-01,4364,MCDONALD'S F38522,Dining,4.79,
2023-04-29,2023-05-01,4364,SUNPASS*ACC111652339,Gas/Automotive,10.00,
2023-04-27,2023-04-28,4364,CVS/PHARMACY #03401,Health Care,2.34,
2023-04-27,2023-04-28,4364,MCDONALD'S F38522,Dining,2.45,
2023-04-28,2023-04-28,4364,UBER   EATS,Dining,19.96,
2023-04-27,2023-04-28,4364,CHICKEN KITCHEN,Dining,9.55,
2023-04-26,2023-04-27,4364,MCDONALD'S F38522,Dining,9.92,
2023-04-26,2023-04-27,4364,MCDONALD'S F38522,Dining,6.08,
2023-04-25,2023-04-26,4364,EQT* AETNA CVS HEALTH,Insurance,62.50,
2023-04-25,2023-04-26,4364,CHICKEN KITCHEN,Dining,9.55,
2023-04-24,2023-04-25,4364,WM SUPERCENTER #1680,Merchandise,9.78,
2023-04-23,2023-04-25,4364,SHAKE SHACK - 1199,Dining,12.94,
2023-04-20,2023-04-22,4364,ALDI 77069,Merchandise,25.02,
2023-04-21,2023-04-21,4364,CAPITAL ONE MOBILE PYMT,Payment/Credit,,392.37
2023-04-20,2023-04-21,4364,TOTAL WINE AND MORE,Merchandise,6.41,
2023-04-19,2023-04-20,4364,FUDDRUCKERS - KENDALL7,Dining,12.95,
2023-04-19,2023-04-20,4364,UBER   EATS,Dining,,17.73
2023-04-18,2023-04-19,4364,STARBUCKS STORE 10358,Dining,4.98,
2023-04-18,2023-04-19,4364,UBER   EATS,Dining,19.28,
2023-04-17,2023-04-19,4364,SHAKE SHACK - 1199,Dining,13.25,
2023-04-18,2023-04-18,4364,adidas 6271 Miami,Merchandise,37.43,
2023-04-16,2023-04-17,4364,TOTAL WINE AND MORE,Merchandise,12.82,
2023-04-15,2023-04-17,4364,CVS/PHARMACY #03401,Health Care,3.10,
2023-04-16,2023-04-17,4364,Spotify USA,Phone/Cable,11.30,
2023-04-15,2023-04-17,4364,CHICKEN KITCHEN,Dining,13.71,
2023-04-14,2023-04-17,4364,WENDY'S #1708,Dining,5.35,
2023-04-14,2023-04-17,4364,WENDY'S #1708,Dining,5.35,
2023-04-14,2023-04-15,4364,CVS/PHARMACY #03401,Health Care,7.49,
2023-04-14,2023-04-15,4364,CVS/PHARMACY #03401,Health Care,2.96,
2023-04-13,2023-04-14,4364,CVS/PHARMACY #03401,Health Care,7.38,
2023-04-13,2023-04-14,4364,MCDONALD'S F38522,Dining,2.77,
2023-04-13,2023-04-14,4364,MCDONALD'S F38522,Dining,4.59,
2023-04-12,2023-04-13,4364,CHICKEN KITCHEN,Dining,12.84,
2023-04-11,2023-04-12,4364,CVS/PHARMACY #03401,Health Care,1.53,
2023-04-11,2023-04-12,4364,CVS/PHARMACY #03401,Health Care,1.62,
2023-04-11,2023-04-12,4364,MCDONALD'S F38522,Dining,4.58,
2023-04-12,2023-04-12,4364,UBER   EATS,Dining,19.28,
2023-04-10,2023-04-12,4364,ALDI 77069,Merchandise,21.01,
2023-04-10,2023-04-11,4364,"SELWAY ARMORY, LLC",Merchandise,,4.00
2023-04-09,2023-04-10,4364,STARBUCKS STORE 10358,Dining,4.98,
2023-04-08,2023-04-10,4364,THE CHINESE RESTAURA,Dining,6.05,
2023-04-08,2023-04-10,4364,CVS/PHARMACY #03401,Health Care,3.75,
2023-04-07,2023-04-10,4364,"SELWAY ARMORY, LLC",Merchandise,52.52,
2023-04-07,2023-04-08,4364,CVS/PHARMACY #03401,Health Care,2.48,
2023-04-07,2023-04-08,4364,MCDONALD'S F38522,Dining,6.20,
2023-04-06,2023-04-07,4364,CHICKEN KITCHEN,Dining,12.83,
2023-04-06,2023-04-07,4364,CHICKEN KITCHEN,Dining,9.55,
2023-04-05,2023-04-06,4364,CVS/PHARMACY #03401,Health Care,2.68,
2023-04-05,2023-04-06,4364,MCDONALD'S F38522,Dining,2.13,
2023-04-04,2023-04-06,4364,ALDI 77069,Merchandise,3.94,
2023-04-04,2023-04-05,4364,NAVARRO SPIRITS #10732,Health Care,13.68,
2023-04-04,2023-04-05,4364,MCDONALD'S F4664,Dining,3.72,
2023-04-03,2023-04-04,4364,WAWA 5245,Gas/Automotive,4.59,
2023-04-01,2023-04-04,4364,PP*GOOGLE FUNIMATION,Internet,7.99,
2023-04-02,2023-04-04,4364,THE CHINESE RESTAURA,Dining,14.34,
2023-04-02,2023-04-03,4364,CVS/PHARMACY #03401,Health Care,8.02,
2023-04-02,2023-04-03,4364,FUDDRUCKERS - KENDALL7,Dining,10.24,
2023-04-02,2023-04-03,4364,CAPITAL ONE MOBILE PYMT,Payment/Credit,,649.06
2023-04-01,2023-04-03,4364,CVS/PHARMACY #03401,Health Care,3.56,
2023-04-01,2023-04-03,4364,CVS/PHARMACY #03401,Health Care,2.21,
2023-04-01,2023-04-03,4364,CHICKEN KITCHEN,Dining,13.07,
2023-03-31,2023-04-01,4364,CVS/PHARMACY #03401,Health Care,3.20,
2023-03-31,2023-04-01,4364,MCDONALD'S F38522,Dining,5.86,
2023-03-30,2023-04-01,4364,CHICKEN KITCHEN,Dining,10.55,
2023-03-30,2023-03-31,4364,MCDONALD'S F38522,Dining,2.13,
2023-03-31,2023-03-31,4364,UBER   EATS,Dining,20.62,
2023-03-29,2023-03-31,4364,THE CHINESE RESTAURA,Dining,7.71,
2023-03-29,2023-03-30,4364,CVS/PHARMACY #03401,Health Care,1.07,
2023-03-28,2023-03-30,4364,ALDI 77069,Merchandise,28.61,
2023-03-27,2023-03-28,4364,CVS/PHARMACY #03401,Health Care,3.06,
2023-03-27,2023-03-28,4364,MCDONALD'S F38522,Dining,5.86,
2023-03-26,2023-03-28,4364,SHAKE SHACK - 1199,Dining,30.61,
2023-03-25,2023-03-27,4364,CVS/PHARMACY #03401,Health Care,1.07,
2023-03-25,2023-03-27,4364,MCDONALD'S F38522,Dining,2.13,
2023-03-24,2023-03-25,4364,CVS/PHARMACY #03401,Health Care,1.07,
2023-03-24,2023-03-25,4364,MCDONALD'S F38522,Dining,2.88,
2023-03-23,2023-03-25,4364,BURGER KING #6896  Q07,Dining,3.73,
2023-03-24,2023-03-25,4364,CHICKEN KITCHEN,Dining,8.55,
2023-03-23,2023-03-24,4364,CVS/PHARMACY #03401,Health Care,1.07,
2023-03-23,2023-03-24,4364,MCDONALD'S F38522,Dining,2.77,
2023-03-22,2023-03-23,4364,CVS/PHARMACY #03401,Health Care,1.07,
2023-03-22,2023-03-23,4364,CVS/PHARMACY #03401,Health Care,2.13,
2023-03-22,2023-03-23,4364,MCDONALD'S F38522,Dining,2.66,
2023-03-21,2023-03-22,4364,CVS/PHARMACY #03401,Health Care,2.61,
2023-03-21,2023-03-22,4364,CVS/PHARMACY #03401,Health Care,11.39,
2023-03-21,2023-03-22,4364,MCDONALD'S F38522,Dining,5.34,
2023-03-20,2023-03-21,4364,MCDONALD'S F38522,Dining,2.45,
2023-03-18,2023-03-20,4364,CVS/PHARMACY #03401,Health Care,1.07,
2023-03-18,2023-03-20,4364,CVS/PHARMACY #03401,Health Care,4.22,
2023-03-17,2023-03-18,4364,CVS/PHARMACY #03401,Health Care,3.10,
2023-03-17,2023-03-18,4364,MCDONALD'S F38522,Dining,3.73,
2023-03-17,2023-03-18,4364,UBER   EATS,Dining,16.28,
2023-03-16,2023-03-17,4364,MCDONALD'S F38522,Dining,2.45,
2023-03-16,2023-03-17,4364,CHICKEN KITCHEN,Dining,8.55,
2023-03-15,2023-03-16,4364,CVS/PHARMACY #03401,Health Care,1.07,
2023-03-16,2023-03-16,4364,Spotify USA,Phone/Cable,11.30,
2023-03-14,2023-03-15,4364,STARBUCKS STORE 10358,Dining,5.83,
2023-03-13,2023-03-15,4364,EQT* AETNA CVS HEALTH,Insurance,125.00,
2023-03-13,2023-03-14,4364,TRADER JOE S #770,Merchandise,13.42,
2023-03-12,2023-03-13,4364,CVS/PHARMACY #03401,Health Care,3.10,
2023-03-12,2023-03-13,4364,CHICKEN KITCHEN,Dining,12.21,
2023-03-11,2023-03-13,4364,CVS/PHARMACY #03401,Health Care,1.07,
2023-03-11,2023-03-13,4364,MCDONALD'S F38522,Dining,4.69,
2023-03-11,2023-03-13,4364,UBER   EATS,Dining,18.53,
2023-03-10,2023-03-11,4364,CVS/PHARMACY #03401,Health Care,5.67,
2023-03-10,2023-03-11,4364,MVBILLING.COM,Other,8.01,
2023-03-10,2023-03-11,4364,CHICKEN KITCHEN,Dining,8.72,
2023-03-09,2023-03-10,4364,CVS/PHARMACY #03401,Health Care,2.39,
2023-03-09,2023-03-10,4364,CVS/PHARMACY #03401,Health Care,1.07,
2023-03-09,2023-03-10,4364,PUBLIX #069,Merchandise,23.99,
2023-03-09,2023-03-10,4364,MCDONALD'S F38522,Dining,7.04,
2023-03-07,2023-03-08,4364,CVS/PHARMACY #03401,Health Care,1.07,
2023-03-07,2023-03-08,4364,MCDONALD'S F38522,Dining,7.26,
2023-03-07,2023-03-08,4364,MCDONALD'S F38522,Dining,2.13,
2023-03-06,2023-03-07,4364,MCDONALD'S F38522,Dining,3.73,
2023-03-06,2023-03-07,4364,CHICKEN KITCHEN,Dining,12.21,
2023-03-05,2023-03-06,4364,AMC 0278 TAMIAMI 18,Entertainment,16.39,
2023-03-04,2023-03-06,4364,CVS/PHARMACY #03401,Health Care,6.39,
2023-03-04,2023-03-06,4364,CHICKEN KITCHEN,Dining,12.71,
2023-03-03,2023-03-06,4364,SHAKE SHACK - 1199,Dining,14.22,
2023-03-01,2023-03-04,4364,PP*GOOGLE FUNIMATION,Internet,7.99,
2023-03-02,2023-03-04,4364,THE CHINESE RESTAURA,Dining,11.20,
2023-03-02,2023-03-03,4364,CVS/PHARMACY #03401,Health Care,1.07,
2023-03-01,2023-03-02,4364,CVS/PHARMACY #03401,Health Care,1.07,
2023-03-01,2023-03-02,4364,MCDONALD'S F38522,Dining,2.13,
2023-03-01,2023-03-02,4364,MCDONALD'S F38522,Dining,3.73,
2023-02-28,2023-03-01,4364,CVS/PHARMACY #03401,Health Care,1.07,
2023-02-28,2023-03-01,4364,MCDONALD'S F38522,Dining,9.94,
2023-02-27,2023-02-28,4364,REGAL KENDALL 16  0996,Entertainment,16.56,
2023-02-27,2023-02-28,4364,REGAL KENDALL 16  0996,Entertainment,29.43,
2023-02-26,2023-02-27,4364,CVS/PHARMACY #03401,Health Care,1.67,
2023-02-26,2023-02-27,4364,CVS/PHARMACY #03401,Health Care,1.07,
2023-02-27,2023-02-27,4364,CAPITAL ONE MOBILE PYMT,Payment/Credit,,281.01
2023-02-25,2023-02-27,4364,CVS/PHARMACY #03401,Health Care,2.48,
2023-02-25,2023-02-27,4364,CHICKEN KITCHEN,Dining,10.19,
2023-02-24,2023-02-27,4364,THE CHINESE RESTAURA,Dining,10.64,
2023-02-24,2023-02-25,4364,CVS/PHARMACY #03401,Health Care,7.00,
2023-02-24,2023-02-25,4364,CVS/PHARMACY #03401,Health Care,1.98,
2023-02-24,2023-02-25,4364,MCDONALD'S F38522,Dining,3.63,
2023-02-22,2023-02-23,4364,CVS/PHARMACY #03401,Health Care,1.07,
2023-02-22,2023-02-23,4364,UBER   EATS,Dining,,9.06
2023-02-21,2023-02-23,4364,SHAKE SHACK - 1199,Dining,12.94,
2023-02-21,2023-02-22,4364,CVS/PHARMACY #03401,Health Care,5.33,
2023-02-21,2023-02-22,4364,MCDONALD'S F38522,Dining,3.63,
2023-02-21,2023-02-22,4364,UBER   EATS,Dining,24.57,
2023-02-20,2023-02-21,4364,STARBUCKS STORE 10358,Dining,4.76,
2023-02-19,2023-02-21,4364,ALDI 77098,Merchandise,19.20,
2023-02-19,2023-02-20,4364,CVS/PHARMACY #03401,Health Care,4.63,
2023-02-19,2023-02-20,4364,CVS/PHARMACY #03401,Health Care,1.07,
2023-02-19,2023-02-20,4364,WAWA 5245,Gas/Automotive,32.77,
2023-02-18,2023-02-20,4364,THE CHINESE RESTAURA,Dining,5.05,
2023-02-18,2023-02-20,4364,WENDY'S #8155,Dining,5.35,
2023-02-18,2023-02-20,4364,CVS/PHARMACY #03401,Health Care,1.49,
2023-02-16,2023-02-17,4364,CVS/PHARMACY #03401,Health Care,3.20,
2023-02-16,2023-02-17,4364,MCDONALD'S F38522,Dining,7.14,
2023-02-17,2023-02-17,4364,UBER   EATS,Dining,19.78,
2023-02-15,2023-02-16,4364,CVS/PHARMACY #03401,Health Care,3.42,
2023-02-15,2023-02-16,4364,FRESCO Y MAS #287,Merchandise,12.83,
2023-02-15,2023-02-16,4364,MCDONALD'S F38522,Dining,2.13,
2023-02-16,2023-02-16,4364,Spotify USA,Phone/Cable,11.30,
2023-02-14,2023-02-15,4364,CVS/PHARMACY #03401,Health Care,3.20,
2023-02-12,2023-02-13,4364,CVS/PHARMACY #03401,Health Care,2.35,
2023-02-12,2023-02-13,4364,CVS/PHARMACY #03401,Health Care,2.48,
2023-02-11,2023-02-13,4364,SHAKE SHACK - 1199,Dining,14.22,
2023-02-10,2023-02-11,4364,CVS/PHARMACY #03401,Health Care,2.15,
2023-02-09,2023-02-10,4364,TOTAL WINE AND MORE,Merchandise,6.41,
2023-02-09,2023-02-10,4364,MCDONALD'S F38522,Dining,2.13,
2023-02-09,2023-02-10,4364,CHICKEN KITCHEN,Dining,11.21,
2023-02-08,2023-02-10,4364,WENDY'S #1708,Dining,8.98,
2023-02-08,2023-02-09,4364,CVS/PHARMACY #03401,Health Care,3.38,
2023-02-08,2023-02-09,4364,MCDONALD'S F38522,Dining,7.47,
2023-02-07,2023-02-08,4364,CVS/PHARMACY #03401,Health Care,1.49,
2023-02-07,2023-02-08,4364,MCDONALD'S F38522,Dining,2.56,
2023-02-06,2023-02-08,4364,MARATHON PETRO171017,Gas/Automotive,4.27,
2023-02-06,2023-02-07,4364,MCDONALD'S F38522,Dining,2.13,
2023-02-05,2023-02-06,4364,FUDDRUCKERS - KENDALL7,Dining,7.98,
2023-02-05,2023-02-06,4364,CAPITAL ONE MOBILE PYMT,Payment/Credit,,372.81
2023-02-04,2023-02-06,4364,PAYPAL *MY.GAMES,Entertainment,4.40,
2023-02-04,2023-02-06,4364,CVS/PHARMACY #03401,Health Care,2.69,
2023-02-04,2023-02-06,4364,CVS/PHARMACY #03401,Health Care,3.10,
2023-02-04,2023-02-06,4364,MCDONALD'S F38522,Dining,3.20,
2023-02-03,2023-02-04,4364,CVS/PHARMACY #03401,Health Care,3.17,
2023-02-03,2023-02-04,4364,MCDONALD'S F38522,Dining,1.70,
2023-02-03,2023-02-04,4364,CHICKEN KITCHEN,Dining,15.38,
2023-02-03,2023-02-04,4364,UBER   EATS,Dining,18.38,
2023-02-02,2023-02-03,4364,CVS/PHARMACY #03401,Health Care,3.17,
2023-02-02,2023-02-03,4364,MCDONALD'S F38522,Dining,9.08,
2023-02-02,2023-02-03,4364,LABCORP8008456167,Health Care,25.68,
2023-02-01,2023-02-03,4364,PP*GOOGLE FUNIMATION,Internet,7.99,
2023-02-01,2023-02-02,4364,CVS/PHARMACY #03401,Health Care,2.13,
2023-01-31,2023-02-01,4364,CVS/PHARMACY #03401,Health Care,1.07,
2023-01-31,2023-02-01,4364,CVS/PHARMACY #03401,Health Care,19.49,
2023-01-31,2023-02-01,4364,MCDONALD'S F38522,Dining,2.56,
2023-01-30,2023-02-01,4364,SHAKE SHACK - 1199,Dining,19.41,
2023-01-29,2023-01-30,4364,CVS/PHARMACY #03401,Health Care,2.77,
2023-01-29,2023-01-30,4364,MCDONALD'S F38522,Dining,2.13,
2023-01-28,2023-01-30,4364,MCDONALD'S F38522,Dining,2.13,
2023-01-28,2023-01-30,4364,EQT* AETNA CVS HEALTH,Insurance,62.50,
2023-01-28,2023-01-30,4364,CHICKEN KITCHEN,Dining,10.72,
2023-01-26,2023-01-27,4364,TOTAL WINE AND MORE,Merchandise,16.88,
2023-01-26,2023-01-27,4364,IKEA MIAMI RESTAURANT,Dining,14.20,
2023-01-25,2023-01-26,4364,CVS/PHARMACY #03401,Health Care,5.62,
2023-01-25,2023-01-26,4364,CVS/PHARMACY #03401,Health Care,1.04,
2023-01-24,2023-01-25,4364,CVS/PHARMACY #03401,Health Care,2.99,
2023-01-24,2023-01-25,4364,CVS/PHARMACY #03401,Health Care,2.11,
2023-01-23,2023-01-24,4364,MCDONALD'S F38522,Dining,6.40,
2023-01-23,2023-01-24,4364,MCDONALD'S F38522,Dining,2.13,
2023-01-23,2023-01-24,4364,5GUYS 0346 QSR,Dining,13.90,
2023-01-20,2023-01-21,4364,CVS/PHARMACY #03401,Health Care,2.48,
2023-01-20,2023-01-21,4364,MCDONALD'S F38522,Dining,2.13,
2023-01-19,2023-01-20,4364,MCDONALD'S F38522,Dining,2.56,
2023-01-18,2023-01-19,4364,CVS/PHARMACY #03401,Health Care,2.15,
2023-01-17,2023-01-18,4364,CVS/PHARMACY #03401,Health Care,3.19,
2023-01-15,2023-01-16,4364,CVS/PHARMACY #03401,Health Care,5.35,
2023-01-15,2023-01-16,4364,MCDONALD'S F38522,Dining,2.00,
2023-01-16,2023-01-16,4364,Spotify USA,Phone/Cable,11.30,
2023-01-14,2023-01-16,4364,CVS/PHARMACY #03401,Health Care,2.48,
2023-01-14,2023-01-16,4364,MCDONALD'S F38522,Dining,10.04,
2023-01-14,2023-01-16,4364,PAYPAL *SHAKE SHACK -,Dining,7.76,
2023-01-13,2023-01-14,4364,CVS/PHARMACY #03401,Health Care,3.75,
2023-01-13,2023-01-14,4364,CHICKEN KITCHEN,Dining,14.20,
2023-01-12,2023-01-14,4364,PP*GOOGLE REDDIT INC,Internet,4.99,
2023-01-13,2023-01-13,4364,CAPITAL ONE MOBILE PYMT,Payment/Credit,,172.86
2023-01-11,2023-01-12,4364,FRESCO Y MAS #287,Merchandise,18.35,
2023-01-10,2023-01-12,4364,WENDY'S #8155,Dining,5.35,
2023-01-10,2023-01-11,4364,CVS/PHARMACY #03401,Health Care,1.07,
2023-01-10,2023-01-11,4364,PAYPAL *DOORDASH CHICK,Dining,20.31,
2023-01-10,2023-01-11,4364,UBER   TRIP,Other Travel,6.85,
2023-01-09,2023-01-10,4364,CVS/PHARMACY #03401,Health Care,3.23,
2023-01-09,2023-01-10,4364,MCDONALD'S F38522,Dining,3.20,
2023-01-08,2023-01-09,4364,CVS/PHARMACY #03401,Health Care,12.16,
2023-01-08,2023-01-09,4364,CVS/PHARMACY #03401,Health Care,4.61,
2023-01-08,2023-01-09,4364,MCDONALD'S F38522,Dining,3.40,
2023-01-08,2023-01-09,4364,UBER   TRIP,Other Travel,7.29,
2023-01-07,2023-01-09,4364,CVS/PHARMACY #03401,Health Care,2.40,
2023-01-07,2023-01-09,4364,CVS/PHARMACY #03401,Health Care,2.71,
2023-01-06,2023-01-07,4364,CVS/PHARMACY #03401,Health Care,3.51,
2023-01-06,2023-01-07,4364,CVS/PHARMACY #03401,Health Care,1.67,
2023-01-06,2023-01-07,4364,CVS/PHARMACY #03401,Health Care,1.12,
2023-01-05,2023-01-06,4364,CVS/PHARMACY #03401,Health Care,2.72,
2023-01-05,2023-01-06,4364,CVS/PHARMACY #03401,Health Care,1.04,
2023-01-05,2023-01-06,4364,MCDONALD'S F38522,Dining,5.77,
2023-01-04,2023-01-05,4364,MCDONALD'S F38522,Dining,7.15,
2023-01-04,2023-01-05,4364,FUDDRUCKERS - KENDALL7,Dining,14.44,
2023-01-03,2023-01-04,4364,CVS/PHARMACY #03401,Health Care,3.10,
2023-01-03,2023-01-04,4364,MCDONALD'S F38522,Dining,7.14,
2023-01-03,2023-01-04,4364,WAWA 5245,Gas/Automotive,5.34,
2023-01-01,2023-01-04,4364,PP*GOOGLE FUNIMATION,Internet,7.99,
2023-01-02,2023-01-03,4364,CVS/PHARMACY #03401,Health Care,3.53,
2023-01-02,2023-01-03,4364,CVS/PHARMACY #03401,Health Care,2.71,
2023-01-02,2023-01-03,4364,CVS/PHARMACY #03401,Health Care,2.72,
2022-12-30,2023-01-02,4364,SHAKE SHACK - 1199,Dining,17.89,
2022-12-31,2023-01-02,4364,CHICKEN KITCHEN,Dining,11.21,

